Q1 Predictions Min,Epoch,AverageReturn,Q2 Predictions Std,image_success Mean,Exploration Returns Mean,Test Returns Max,Q1 Predictions Max,Number of rollouts total,Final vae_dist Mean,Test Returns Min,Policy Action Min,Bellman Errors 1 Std,QF2 Loss,Exploration Returns Max,Q1 Predictions Std,Final image_dist Mean,Final image_dist Max,Final image_success Min,Policy Action Mean,Final vae_dist Std,(Previous) Eval Time (s),Q1 Predictions Mean,Final image_dist Std,image_dist Mean,Q Targets Min,distance_to_target Max,QF1 Loss,vae_dist Mean,Exploration Rewards Min,Q Targets Mean,distance_to_target Mean,Q2 Predictions Min,Total Train Time (s),vae_dist Std,Bellman Errors 2 Min,Q2 Predictions Mean,Test Actions Mean,Test Rewards Max,Train Time (s),Bellman Errors 1 Max,image_success Max,Number of env steps total,Exploration Actions Mean,Bellman Errors 2 Mean,Exploration Rewards Mean,distance_to_target Min,distance_to_target Std,Epoch Time (s),Bellman Errors 1 Min,Final distance_to_target Min,Exploration Actions Min,image_dist Std,Q Targets Std,Exploration Returns Min,image_success Min,Exploration Rewards Std,Policy Action Max,vae_dist Max,Test Rewards Mean,image_success Std,Test Actions Max,Test Rewards Min,Exploration Returns Std,vae_dist Min,Final vae_dist Max,Bellman Errors 1 Mean,Final vae_dist Min,Test Returns Std,Q Targets Max,image_dist Min,Exploration Rewards Max,Policy Loss,Number of train steps total,Final image_success Std,Final distance_to_target Mean,Num Paths,Test Rewards Std,Exploration Actions Std,Final distance_to_target Std,Test Returns Mean,Q2 Predictions Max,Final distance_to_target Max,Final image_dist Min,Test Actions Min,Sample Time (s),Exploration Actions Max,Test Actions Std,Bellman Errors 2 Std,Final image_success Max,Final image_success Mean,Policy Action Std,Bellman Errors 2 Max,image_dist Max
-0.007611313,3,-311.07492,0.0011832701,-1.0,-278.09636525677087,-218.26283,-0.0024183348,40,3.4625046,-382.44006,-0.0034814605,5.1100063,5.909055,-177.01099339962758,0.000992476,27.475083375549513,27.964262908219126,-1.0,0.0012777349,0.7469838,0.04718287399919063,-0.0054211766,0.8695729658668865,29.754136907489503,-4.527856,7.491078427298185,5.912401,3.1107483,-6.012498214410258,-2.1715205,4.382956159766763,-0.00981369,89.26505201090367,0.8713728,4.8146187e-08,-0.0060757305,0.08198036,-0.45844883,0.17837022698222427,20.448175,-1.0,4000,-0.03717093158463078,5.9090557,-2.7809636525677095,0.2889147406199332,1.8592536547864609,8.476032320004379,2.1654737e-08,2.9006390448344614,-1.0,3.1534210253466166,1.1045189,-438.6053106621317,-1.0,1.0828342229764962,0.0075483206,4.6325817,-3.1107483,0.0,0.08851672,-4.6325817,76.43635248535779,0.45844886,4.488355,5.9124017,2.2702618,60.324467,-0.006854201,14.696938456699069,-0.5032101584665747,0.053836048,4,0.0,5.403579830062469,10,0.8713728,0.37792926112894953,1.5257035363656581,-311.07492,-0.0034605437,7.491078427298185,24.979991993593593,0.0752271,8.250479219022964,1.0,0.0037595055,5.1082907,-1.0,-1.0,0.002122887,20.463224,34.40930106817051
-0.2856441,4,-154.93527,0.012721112,-0.9545454545454546,-279.98837828824446,-18.741236,-0.23332216,50,1.4826558,-309.69318,0.07566059,6.793984,8.001875,-161.57325247476103,0.010030219,22.737966713108342,34.40930106817051,-1.0,0.08171421,1.149666,8.658488021999801,-0.25623274,8.360260801115476,24.53824586192952,-5.678915,5.990297970782939,8.085936,1.549353,-4.506957552136085,-2.7919083,1.7569747485945093,-0.309153,259.35892423289624,1.0551229,0.0056791925,-0.27291572,-0.08247847,-0.08584786,154.4666941360265,29.293447,0.0,5000,-0.5723147517514672,8.001874,-2.7998837828824463,0.11320075410632574,1.6056934628246513,172.20848191899495,0.009092384,0.1663535816780239,-1.0,8.604646684492824,1.286738,-431.815264024535,-1.0,0.8238346568128935,0.091174275,4.8500147,-1.549353,0.20829889522526548,1.0,-4.850015,78.71616042917225,0.08584786,3.5753574,8.0859375,0.08584786,96.54367,-0.0077943895,8.717797887081348,-1.0232172093752139,0.35848272,4004,0.28747978728803447,1.6193548293878992,10,1.0551229,0.5568360520153608,1.6248135147046951,-154.93527,-0.24625061,5.579249314871428,8.717797887081348,-0.99999994,9.083299760968657,1.0,0.67071575,6.7521086,0.0,-0.9090909090909091,0.0035278967,29.222178,34.40930106817051
-60.773632,5,-129.06947,13.381017,-0.98,-147.64363134906094,-21.450354,-2.3602338,60,1.2397968,-202.27072,-1.0,6.95911,2.495796,-80.20534480544482,13.280501,26.325227237274063,34.40930106817051,-1.0,-0.14925243,0.6133519,6.532111673001054,-28.942545,7.165615623902813,26.773914048174852,-61.665188,7.182261779827381,2.7331276,1.2906947,-4.503331661224365,-29.1438,1.997215685971438,-60.403214,418.032903981888,0.62654644,1.7511906e-05,-29.090343,-0.012897037,-0.05002904,143.78840443602348,58.710552,0.0,6000,-0.07469126082945914,2.4957962,-1.476436313490609,0.06760506787072697,1.9983526618285408,158.51581299399004,4.464167e-05,0.15230308039728288,-1.0,7.561341823863609,13.568203,-224.85117919774777,-1.0,0.5983573394455385,1.0,4.158142,-1.2906947,0.13999999999999999,1.0,-4.158142,38.940998274686365,0.05002904,2.2197704,2.7331276,0.20980318,52.86521,-2.2156203,8.94427190999916,-0.0,27.299147,8004,0.0,1.9715878662823014,10,0.6265464,0.5187011771882271,2.0519968014266987,-129.06947,-2.5615277,6.800776929733203,12.649110640673518,-1.0,8.1952968849655,1.0,0.4861089,6.2621374,-1.0,-1.0,0.7570025,54.90957,34.40930106817051
-88.45816,6,-64.95496,17.312744,-0.9845454545454545,-114.80497788904833,-29.01006,-2.7720754,70,0.73283404,-110.161064,-1.0,2.324325,1.1226695,-56.42489903660557,17.280325,21.775790405237096,34.40930106817051,-1.0,0.005970642,0.48162445,6.7091277449999325,-37.172714,8.289996570341566,21.307994909108555,-86.79709,5.339698539500274,1.2364641,0.64954966,-3.2370931949894266,-37.21959,1.1322156568311412,-88.919624,577.5296201138808,0.43204728,5.1980896e-07,-37.10344,0.005659257,-0.0,143.33092005799153,14.957322,0.0,7000,-0.05201154787992941,1.1226695,-1.1480497788904833,0.013918115031822036,1.3539036630625632,158.06785796599252,0.00023050816,0.2295269926363632,-1.0,8.475327199301638,17.178316,-173.15081277299362,-1.0,0.5703483163760236,1.0,3.542894,-0.64954966,0.12335194558392196,1.0,-3.542894,32.53032870099815,0.0,1.9643003,1.236464,0.1621775,29.963066,-2.2255504,0.0,-0.09309350699186325,35.47569,12004,0.0,1.195527012879447,10,0.43204728,0.4335164480509484,1.4084876341682557,-64.95496,-2.309199,4.152446619584955,11.135528725660043,-0.9999997,8.02781016300105,1.0,0.297424,2.0564415,-1.0,-1.0,0.8121936,11.357305,34.40930106817051
-91.28291,7,-104.83281,20.209066,-0.9227272727272727,-133.75867258813858,-24.907951,-3.192241,80,1.1454579,-205.10733,-1.0,3.6201677,1.8991542,-91.02767052120916,20.081707,22.36221897023804,33.406586176980134,-1.0,-0.109551996,0.5482513,8.132777679000355,-41.2979,6.936352132709547,21.513674306043395,-89.46213,5.189999340090702,2.156234,1.0483278,-3.87050112785938,-40.586056,0.7862762127899706,-90.97292,733.7217591049102,0.63058984,1.7559829e-05,-41.20424,-0.040567018,-0.0,139.47486726002353,30.338268,0.0,8000,0.002156042272118892,1.8991542,-1.337586725881386,0.07235820869182408,0.5775054070785313,155.7156477100325,7.152396e-05,0.10844276454401404,-1.0,7.725636169088249,19.983374,-184.3353711113672,-1.0,0.5406077197273316,1.0,4.323626,-1.0483278,0.2670236935040821,1.0,-4.323626,31.430904904215794,0.0,2.1713948,2.1562343,0.19764501,47.845913,-2.6675832,0.0,-0.13160420954227448,39.0417,16004,0.28747978728803447,0.8059541562113953,10,0.63058984,0.463563768022535,0.4913149678872212,-104.83281,-2.999782,1.6425108586755937,8.94427190999916,-1.0,8.108002771008614,1.0,0.52611256,3.7035115,0.0,-0.9090909090909091,0.8148923,31.511068,34.40930106817051
-127.91623,8,-63.458324,22.291435,-0.8536363636363636,-125.78590346855017,-19.308142,-2.8511436,90,0.62385267,-127.266304,-1.0,3.2585726,1.6578281,-83.79493585071803,22.180096,16.79839915495774,31.622776601683793,-1.0,-0.08342391,0.45590055,8.611347500998818,-50.678566,6.848700235929752,16.860120827450547,-131.12003,4.948974225192723,1.7681994,0.6345833,-4.269245871502941,-50.76701,0.47863044759693046,-128.31216,896.0455122379244,0.5106609,6.948263e-06,-50.78444,-0.00012484485,-0.0,146.3239055320173,25.949087,0.0,9000,-0.037500703756445236,1.6578279,-1.2578590346855014,0.02858839094031987,0.49315135801773335,163.64387863301272,0.000495792,0.14584714327126447,-1.0,7.459829284675052,22.71775,-154.82322354325854,-1.0,0.5658225075211175,1.0,4.1890054,-0.6345833,0.3534703980732327,1.0,-4.1890054,22.87171595268651,0.0,1.6092632,1.7681992,0.12700424,39.069077,-2.657439,0.0,-0.1553993821144104,48.630856,20004,0.28747978728803447,0.4568503297954234,10,0.5106609,0.45805870285576467,0.3720634158254981,-63.458324,-2.7188358,1.3233062898932457,8.94427190999916,-1.0,8.708625599996594,1.0,0.3931359,3.8168602,0.0,-0.9090909090909091,0.82825524,36.004944,34.40930106817051
-131.19836,9,-77.27499,24.005249,-0.9227272727272727,-147.6489636014681,-25.653894,-2.6241152,100,0.75625646,-150.46895,-1.0,6.4840546,1.9312934,-92.33971790969372,24.215277,21.033442877206518,34.40930106817051,-1.0,-0.096857056,0.4684773,7.281123755999943,-56.369392,6.859214691627297,20.67290493844865,-132.51686,6.776478312349884,1.9974866,0.7727499,-4.729009799879138,-56.437134,0.694253075128045,-132.24078,1053.9034392489357,0.55451256,0.0013413839,-56.444107,0.0028394295,-0.0,142.12429585902282,71.22939,0.0,10000,-0.005476117497963275,1.9312934,-1.4764896360146809,0.034579632583296584,0.5956438651602483,157.60560249901027,8.942794e-05,0.13258920036228986,-1.0,7.194322353991253,24.209003,-279.0548421204088,-1.0,0.6220960134187474,1.0,4.468454,-0.7727499,0.2670236935040821,1.0,-4.4684534,52.122984650547956,0.0,1.5506803,1.9974868,0.0907224,44.705658,-3.0957117,0.0,-0.06207462400197983,54.18706,24004,0.28747978728803447,0.6745271337069116,10,0.55451256,0.46253882174302097,0.44969888081103054,-77.27499,-3.165633,1.7623813620820665,8.94427190999916,-1.0,8.200182883987509,1.0,0.20646709,6.6049867,0.0,-0.9090909090909091,0.7855047,60.15158,34.40930106817051
-125.74641,10,-65.865616,25.765442,-0.9263636363636364,-105.20938886336141,-31.13237,-2.8856268,110,0.58903027,-144.53429,-1.0,4.0705237,1.8013579,-54.36597575992346,25.897219,17.3377085536213,30.199337741083,-1.0,-0.057170212,0.33480915,7.542920587000481,-62.43401,6.160301669166962,17.687253586126264,-124.97584,5.582797320116385,1.9410958,0.6586561,-3.732007957402227,-62.246338,0.5641902707661316,-124.73024,1222.2446460708888,0.5290486,9.182468e-05,-62.528423,0.0028966141,-0.0,151.08915522697498,26.262262,0.0,11000,-0.004742213870645962,1.801358,-1.0520938886336142,0.012727093407598575,0.6633988763870869,167.61967591395296,0.00029386647,0.07462523940304193,-1.0,7.73852033296418,25.825304,-168.83277900457068,-1.0,0.5114890553687724,1.0,4.0994053,-0.6586561,0.26117819508292967,1.0,-4.0994053,30.72237023480374,0.0,1.3200845,1.9410962,0.18770246,33.899883,-2.8225472,0.0,-0.0,60.246597,28004,0.0,0.45373175611301125,10,0.5290486,0.4544023663154092,0.34981538369866105,-65.865616,-3.3006792,1.232231810134115,10.392304845413264,-1.0,8.987600099977499,1.0,0.24663192,3.8405094,-1.0,-1.0,0.8207222,28.22673,34.40930106817051
-158.80238,11,-53.65277,31.242662,-0.9445454545454546,-126.04807095487811,-12.612789,-2.5459538,120,0.5153458,-96.89322,-1.0,2.8923988,1.4860466,-65.54367238283157,31.024672,18.483072315264142,29.732137494637012,-1.0,-0.04844784,0.22108588,8.273776848000125,-63.46714,5.41157358795084,18.040651539302296,-157.47173,6.007472413571505,1.7445556,0.53652775,-3.4960826387413766,-62.87761,0.8866008103365555,-159.82954,1379.7422956148912,0.36709303,1.0737582e-05,-63.58423,-0.023556314,-0.0,142.7648410000129,21.569155,0.0,12000,-0.04370979830335771,1.4860466,-1.260480709548781,0.03335072705466843,1.4961833989832245,159.01899253500233,5.9377635e-07,0.16499386886299242,-1.0,6.468411441994417,31.024092,-165.9424564052543,-1.0,0.44688199331939993,1.0,4.666291,-0.53652775,0.22886532905395526,1.0,-4.666291,28.01079225252887,0.0,0.93991786,1.7445556,0.17281021,23.17338,-2.131946,0.0,-0.0,61.54429,32004,0.0,0.8712227546828119,10,0.36709303,0.39108922082029807,1.4781018990274062,-53.65277,-2.3346148,5.5013762863938105,10.392304845413264,-1.0,7.9803746869893075,1.0,0.22647493,2.0745785,-1.0,-1.0,0.78895026,13.74457,34.40930106817051
-137.81409,12,-62.7224,25.662815,-1.0,-150.71455712970823,-30.799149,-1.7068281,130,0.5326359,-82.126,-1.0,4.17015,1.7838833,-88.7741009410361,25.575287,19.360207137509672,30.199337741083,-1.0,-0.08284273,0.19157043,6.7343412449990865,-65.221985,4.641768623742029,20.29320571878713,-137.46815,5.430250940232498,1.8411014,0.62722397,-3.7350130037664258,-65.29083,0.6102895594015528,-140.36375,1531.6434422768798,0.34405026,0.000392274,-65.38729,-0.021415554,-0.19928734,137.69297610899048,34.972572,-1.0,13000,0.00047264268133537436,1.7838835,-1.5071455712970818,0.13742350382295856,0.43201702513489476,152.46268002898978,1.2995224e-07,0.21719339596530107,-1.0,4.990206938729982,25.565945,-217.28208127018704,-1.0,0.6560060961099119,1.0,3.8242774,-0.62722397,0.0,1.0,-3.8242774,49.146078464344676,0.19928734,0.8202285,1.8411014,0.22687988,15.055318,-1.8932725,12.649110640673518,-0.15214799344539642,63.40416,36004,0.0,0.5475413723639252,10,0.34405026,0.4196933172147515,0.2663558525690741,-62.7224,-1.8145615,1.2082957269310726,12.649110640673518,-1.0,8.035362675000215,1.0,0.18895257,4.974704,-1.0,-1.0,0.79299515,43.266384,34.40930106817051
-195.93059,13,-42.221207,34.94617,-0.8709090909090909,-112.74723898279146,-28.219969,-1.3192333,140,0.4107196,-61.07089,-1.0,3.2106533,1.8401357,-65.3037932664156,34.907864,14.515125534716457,20.784609690826528,-1.0,0.051169116,0.14416021,6.1824495420005405,-72.70801,4.11673345600439,15.058206386298771,-195.88165,5.939892797006539,1.6445172,0.42221218,-3.7258624235657765,-72.73484,0.38458077549088393,-195.90004,1689.0652488818505,0.30716822,7.4140485e-07,-72.59212,-0.0043786922,-0.0,141.90048290299274,22.872026,0.0,14000,-0.04710460497577067,1.8401356,-1.1274723898279149,0.020705747630102064,0.4780214236384684,156.2831872449715,0.0004741198,0.08837514109079987,-1.0,4.446598543769048,34.685093,-150.26488558352352,-1.0,0.46592718066151545,1.0,3.8502617,-0.42221218,0.335300531286474,1.0,-3.850262,23.963616413235698,0.0,0.62625206,1.6445172,0.18074244,9.895613,-1.4345016,0.0,-0.14792770147323608,70.82942,40004,0.4453617714151233,0.3297819280264909,10,0.30716825,0.3784632125081658,0.22788275861192114,-42.221207,-1.4093481,0.8860358271761728,8.94427190999916,-1.0,8.200254799978211,1.0,0.18685018,2.8627157,0.0,-0.7272727272727273,0.8046073,16.975868,34.40930106817051
-214.9987,14,-50.834274,34.928905,-0.8809090909090909,-119.75236971530595,-14.690251,-1.335249,150,0.41730547,-101.32655,-1.0,3.1910603,1.9362798,-85.83335605062791,34.98303,15.286320286172252,24.331050121192877,-1.0,-0.0222136,0.22814573,7.31568411400076,-71.18265,4.528822174735594,16.348621721872497,-216.68903,7.199492575411063,1.731249,0.5083428,-3.8567432053434083,-70.97771,0.46029935659599386,-214.82863,1858.3311936898408,0.44077048,4.9588794e-05,-70.66159,-0.011840873,-0.0,152.21563225602222,23.20181,0.0,15000,-0.03470461773966176,1.9362798,-1.1975236971530596,0.012404934108128547,0.546257883948725,168.45357807699293,0.0007644631,0.06093920151736254,-1.0,5.149300444511466,35.240753,-147.32181881004138,-1.0,0.4753835675910291,1.0,4.5648556,-0.5083428,0.3238954529826097,1.0,-4.5648556,20.321321872517824,0.0,0.9290194,1.7312491,0.099200755,22.614185,-0.8645168,0.0,-0.2597850423629887,69.74269,44004,0.385694607919935,0.3712831793677907,10,0.44077048,0.33332001936745953,0.2587971198793743,-50.834274,-0.788852,0.9177022069810168,8.94427190999916,-1.0,8.922261706969948,1.0,0.19024378,3.4108431,0.0,-0.8181818181818182,0.81824654,21.781458,34.40930106817051
-197.90239,15,-60.221436,30.712765,-0.8390909090909091,-109.70199500183836,-9.402862,-14.183462,160,0.6340748,-234.42023,-1.0,3.1204607,1.6685554,-76.16735418880823,30.81585,14.585057167309289,20.8806130178211,-1.0,-0.07428725,0.77430433,8.13052734700068,-71.646645,5.393912239228747,14.932801685447654,-199.05765,6.004264067205774,1.5763593,0.60221434,-4.889225998044625,-71.69951,0.3958848587978021,-197.93245,2031.1977762258412,0.7257543,0.0009930826,-71.090225,-0.013940549,-0.0,154.95787185702466,25.834177,0.0,16000,-0.02290438348261568,1.6685554,-1.0970199500183835,0.003952963103612099,0.5270009864516283,172.63682112899733,2.1944055e-05,0.059829965550856685,-1.0,5.324435711065879,30.78993,-156.65399059749342,-1.0,0.4446781297957725,1.0,4.303104,-0.60221434,0.3674470783281598,1.0,-4.303104,25.984591369300222,0.0,2.9776394,1.576359,0.0,58.41953,-14.416896,0.0,-0.0,70.800064,48004,0.28747978728803447,0.3454245398067221,10,0.7257543,0.34064515384688476,0.21913178636066008,-60.221436,-14.556159,0.891272209425403,0.0,-1.0,9.54842192497199,1.0,0.33344913,2.5203753,0.0,-0.9090909090909091,0.77887136,17.496584,34.40930106817051
-217.91803,16,-50.75416,36.361763,-0.88,-109.54436963897497,-20.855679,-8.671229,170,0.44005737,-154.32213,-1.0,1.7809696,1.1288542,-76.6582466901809,36.25645,14.367656219324827,23.2379000772445,-1.0,0.018085629,0.34088022,8.358367646998886,-77.5432,3.26517439874285,14.686044039845584,-219.21687,5.199091940989332,1.1488248,0.5075416,-4.512426891503331,-77.6287,0.33832796569476076,-218.31369,2190.6551586008627,0.56620264,7.538148e-05,-77.52138,0.007647794,-0.0,143.8658643519957,8.832603,0.0,17000,0.014604648123216378,1.1288542,-1.0954436963897496,0.06297931099340444,0.4348762669208791,160.63315482601865,1.6660488e-05,0.11244063957347057,-1.0,5.062888279672317,36.400208,-161.16771302434734,-1.0,0.41638189457929947,1.0,4.6958833,-0.5075416,0.32496153618543844,1.0,-4.6958838,27.492341087458534,0.0,1.4148313,1.1488248,0.116748795,35.743805,-8.591773,0.0,-0.1004047691822052,76.011986,52004,0.0,0.27556290415260676,10,0.5662027,0.47567735604352573,0.1394602954145475,-50.75416,-8.8165865,0.6687040860524627,10.392304845413264,-1.0,8.408922827024071,1.0,0.2942077,2.3474054,-1.0,-1.0,0.8050947,18.914356,34.40930106817051
-231.96347,17,-42.35635,39.967724,-0.850909090909091,-112.78758013866124,-16.1603,-3.2374718,180,0.39183465,-81.91585,-1.0,3.424454,1.5664228,-71.1739906091058,39.80921,14.395189295643894,20.8806130178211,-1.0,-0.013003262,0.29847246,7.181795288999638,-79.04982,3.4187155558294644,14.511365797556673,-231.74911,5.796236679167608,1.5237584,0.4235635,-4.023006930003222,-78.99678,0.3280373653464985,-232.46843,2358.6521469568725,0.4046249,1.9784144e-05,-78.8925,-0.007997737,-0.0,153.39910060601687,32.32692,0.0,18000,0.029399854532766143,1.566423,-1.1278758013866124,0.008514005741614344,0.4184541424905078,169.46137573001397,0.0004411564,0.09015978080774642,-1.0,5.109553348070173,39.721615,-170.93751092679264,-1.0,0.5731172505663267,1.0,3.9376736,-0.4235635,0.35617805928686197,1.0,-3.9376736,33.05866189748604,0.0,1.2760894,1.5237584,0.1606274,19.509247,-2.782845,0.0,-0.0,77.80423,56004,0.28747978728803447,0.2796228390086316,10,0.4046249,0.4115420949220656,0.13021057815470696,-42.35635,-2.8625667,0.5778291856702339,8.94427190999916,-1.0,8.880479834997459,1.0,0.28548187,3.4371243,0.0,-0.9090909090909091,0.7701787,23.028605,34.40930106817051
-196.82587,18,-47.584415,32.94491,-0.9363636363636364,-130.04324480306082,-31.401337,-2.9905734,190,0.45872018,-71.85138,-1.0,5.4580646,2.0549114,-74.76659029059842,32.867214,15.58381721680574,24.08318915758459,-1.0,-0.08757915,0.21405494,5.716250097999364,-80.160904,5.19257380991072,15.507163161941595,-197.70331,5.902481681032442,1.6955718,0.47584417,-4.684479888334845,-80.27527,0.4025692501231706,-196.71185,2513.412533065917,0.40357122,0.00017040415,-80.355484,-0.0040359427,-0.09437246,139.05863486603812,59.361176,0.0,19000,0.020906628609415716,2.0549114,-1.300432448030608,0.045101651741170985,0.5130376394513082,153.17830789604523,7.5646676e-05,0.1160007724780967,-1.0,5.116877575579369,32.964703,-291.4039873785049,-1.0,0.7506481314416847,1.0,4.713672,-0.47584417,0.24410402876541,1.0,-4.713672,58.68687441648734,0.09437246,0.93848693,1.6955714,0.208638,11.935226,-3.710221,8.717797887081348,-0.0,78.79298,60004,0.385694607919935,0.37403777434384433,10,0.40357122,0.4428314044949397,0.21151853873002144,-47.584415,-3.367295,0.7999828560402192,8.717797887081348,-1.0,8.403422932007743,1.0,0.26968884,4.2031264,0.0,-0.8181818181818182,0.7763739,28.539196,34.40930106817051
-202.45958,19,-48.25215,34.93248,-0.9054545454545454,-106.92550824432469,-17.594652,-10.320125,200,0.45334062,-96.5956,-1.0,3.1643684,1.2127281,-76.14421967417002,34.79682,15.538706985756347,24.166091947189145,-1.0,-0.034838762,0.2598858,7.289359850999972,-80.015076,4.178238399122026,15.304677879714106,-202.06892,5.170031672837334,1.6076465,0.48252153,-4.136441680702706,-80.08717,0.37980893421875045,-203.62048,2672.992767704869,0.42365703,0.0001790768,-80.151764,0.0015774012,-0.0,143.9255227649919,23.715738,0.0,20000,-0.021029149724170183,1.2127281,-1.069255082443247,0.016122439279083477,0.4647431329334018,159.99979009395065,6.928347e-05,0.08172054269305683,-1.0,5.4224716352004485,34.938416,-135.24751855792815,-1.0,0.42771907953159116,1.0,4.041731,-0.48252153,0.29258607548933,1.0,-4.041731,17.524083460717456,0.0,0.94467795,1.6076466,0.13775635,24.124289,-10.926457,0.0,-0.11517586559057236,78.66011,64004,0.0,0.3332274456512048,10,0.42365703,0.43302700933420074,0.19508683177124217,-48.25215,-10.685687,0.7614496586696224,10.392304845413264,-1.0,8.784907477958768,1.0,0.27042595,2.223126,-1.0,-1.0,0.8037802,14.215464,34.40930106817051
-196.06047,20,-47.890038,38.17004,-0.7654545454545455,-97.85179030557501,-10.918531,-9.256871,210,0.49335563,-97.24777,-1.0,3.473821,1.2800049,-72.7658888332663,38.36378,14.035793756298954,26.38181191654584,-1.0,-0.0365512,0.49554116,6.869755544999862,-84.62065,6.960678062170723,14.7676428942429,-192.93672,4.7325390600728685,1.7289213,0.4789003,-3.9037750317374824,-84.42619,0.33207828761886315,-194.06512,2836.539810356844,0.42249116,3.3109827e-06,-84.45665,-0.0027226491,-0.0,147.83396895198894,20.584185,0.0,21000,-0.04163694132961865,1.280005,-0.9785179030557499,0.03792774986775888,0.35268146200788647,163.25392150897096,0.0019658783,0.046862135107126925,-1.0,5.420532989805682,38.01669,-145.90545775950315,-1.0,0.45638526981239713,1.0,3.3754904,-0.4789003,0.4237143900052495,1.0,-3.3754904,18.91242115778222,0.0,1.626118,1.7289212,0.0,28.695309,-9.36667,0.0,-0.08913483575102485,82.8692,68004,0.4453617714151233,0.3290365207333692,10,0.42249116,0.38362703470951637,0.24482150782672807,-47.890038,-9.065831,0.9198971382314984,0.0,-1.0,8.550197011982164,1.0,0.27007753,2.229516,0.0,-0.7272727272727273,0.77317345,12.4656315,34.40930106817051
-318.97418,21,-48.257076,43.185802,-0.9327272727272727,-100.00651448732654,-17.573818,-9.004481,220,0.4390913,-71.865135,-1.0,3.9824367,1.5087155,-48.02937501338923,43.158012,17.129334572430302,21.908902300206645,-1.0,-0.064486824,0.16808175,7.1745877169996675,-87.76462,3.469934085871016,16.93823424919536,-321.83502,6.0382126100058295,1.9290931,0.48257068,-3.8762383177668482,-87.71148,0.4333198517177068,-320.909,3003.188306085791,0.35677817,3.025867e-06,-87.67469,0.0014922073,-0.0,151.43933425699106,27.230574,0.0,22000,-0.07729848073807358,1.5087155,-1.0000651448732651,0.0020500288661834697,0.502199832359088,167.31195239694534,4.9911672e-05,0.11887041551442026,-1.0,4.92395282557379,43.24718,-146.51904592355385,-1.0,0.4955674707912756,1.0,3.7126024,-0.48257068,0.2504937273426553,1.0,-3.7126024,27.361067734168003,0.0,0.7419823,1.929093,0.1327017,15.367061,-8.886201,0.0,-0.12279449355084651,86.266884,72004,0.28747978728803447,0.36724379727919965,10,0.35677814,0.403523286357252,0.14446041913289293,-48.257076,-9.052156,0.6138942044698942,8.94427190999916,-1.0,8.698030422954616,1.0,0.18319178,2.5357783,0.0,-0.9090909090909091,0.8035849,13.593999,34.40930106817051
-197.88673,22,-39.87622,35.93818,-0.9318181818181818,-108.74514376144343,-21.152994,-8.162622,230,0.4038125,-87.88986,-1.0,2.9392054,1.355257,-82.12150649726391,35.990005,16.223649115189286,29.79932885150268,-1.0,0.050706036,0.19902433,6.508331097000337,-82.43701,4.678046438218307,16.06470995866162,-197.21869,6.240909750840322,1.703998,0.39876214,-4.077343513129115,-82.44528,0.8496096197217489,-200.3995,3172.773200691794,0.320243,7.5646676e-05,-82.70358,-0.013418471,-0.0,153.86699607700393,19.527348,0.0,23000,0.044737992738624416,1.3552572,-1.0874514376144344,0.00214831229701522,1.7183588639152167,168.93944458500118,4.569278e-05,0.17286777099640863,-1.0,5.965171897125841,35.78817,-177.1774038570853,-1.0,0.4701732431212606,1.0,4.1426897,-0.39876214,0.25205764787294127,1.0,-4.1426897,27.20607811717004,0.0,0.88677144,1.7039981,0.18721347,19.365887,-8.083026,0.0,-0.0,80.53061,76004,0.0,0.8368377748260373,10,0.320243,0.37413292023986633,1.7073729325779037,-39.87622,-9.360788,6.231048169121275,12.649110640673518,-1.0,8.564117410996914,1.0,0.15977141,2.6434753,-1.0,-1.0,0.7690438,15.998474,34.40930106817051
-220.20856,23,-36.35425,42.515137,-0.8527272727272728,-117.00671973070226,-20.514122,-12.781439,240,0.3362721,-55.99292,-1.0,3.9297366,1.596862,-67.48953081161305,42.309563,14.612946728681669,20.97617696340303,-1.0,0.091070995,0.13737127,7.168516839999938,-86.6644,3.6316746318997897,14.50331235120521,-219.50885,6.787594628483264,1.7536379,0.3635426,-3.974266827851243,-86.78021,0.38925104485328815,-219.83127,3347.1835005817848,0.34567925,7.0367256e-05,-87.15083,-0.0010688613,-0.0,157.9533613149797,30.504484,0.0,24000,-0.050865088806512485,1.5968618,-1.1700671973070225,0.013359353833208618,0.6724603054222633,173.96691619098783,4.6106288e-07,0.0639292023380074,-1.0,4.9248280014004955,42.36991,-206.20795765021165,-1.0,0.5491651965581877,1.0,3.2330916,-0.3635426,0.3543775826352171,1.0,-3.2330918,40.57544603942265,0.0,0.57192606,1.7536378,0.14476183,12.333765,-12.819655,0.0,-0.11375102400779724,85.109505,80004,0.28747978728803447,0.29930992246674243,10,0.34567925,0.4052456061139744,0.15071551584696488,-36.35425,-12.340813,0.5747266899988764,8.94427190999916,-1.0,8.84503803600819,1.0,0.19424959,2.872492,0.0,-0.9090909090909091,0.7984167,21.253935,34.40930106817051
-371.4904,24,-47.728542,53.932205,-0.7890909090909091,-121.93222842008849,-12.478564,-10.091783,250,0.42557582,-91.51792,-1.0,4.169193,1.6489624,-64.8832402266562,53.894615,13.461895802126024,20.97617696340303,-1.0,0.05421387,0.2997114,7.600063923000562,-87.449356,5.7410085868704215,14.373634895148461,-371.33926,7.327910706633357,1.6113819,0.47728547,-3.8408427466884807,-87.64447,0.3928308852510755,-370.9996,3526.2442601218045,0.4405402,6.5323547e-06,-87.29981,-0.004821589,-0.0,163.4045574240281,37.964165,0.0,25000,-0.014598348004151003,1.648962,-1.2193222842008848,0.016372866165755735,0.6300697691372298,180.41718911101816,1.0415039e-05,0.025042999660232306,-1.0,6.351126019782024,53.984272,-162.41577638873775,-1.0,0.4583684435458275,1.0,3.6403522,-0.47728547,0.40795397568965025,1.0,-3.6403525,28.50257566170376,0.0,0.88292325,1.6113819,0.0,27.018965,-9.486078,0.0,-0.06001167371869087,86.44652,84004,0.385694607919935,0.2713922723401655,10,0.4405402,0.45582958779409494,0.18470990648886573,-47.728542,-9.793518,0.635000333374193,0.0,-1.0,9.4125677639895,1.0,0.24424191,4.309903,0.0,-0.8181818181818182,0.77903384,44.47056,34.40930106817051
-232.56093,25,-38.369602,44.081486,-0.8218181818181818,-112.79244418170501,-18.422766,-7.802811,260,0.33407208,-63.322853,-1.0,1.9963392,1.5413172,-55.19685291291693,44.04161,14.670921682779893,21.908902300206645,-1.0,-0.010912713,0.19433847,6.231871231000696,-84.05806,4.476246669975423,15.167748990938351,-233.60669,6.930873155195655,1.1118877,0.38369593,-4.306728647678281,-84.16356,0.37379612236233084,-234.67958,3729.2440067857497,0.36074755,1.5378231e-05,-83.91409,0.008546268,-0.0,177.7829042809608,12.954277,0.0,26000,-0.03794324342119933,1.5413169,-1.1279244418170504,0.026487196770044463,0.44182153224122866,194.9365486679435,1.6474165e-05,0.07712288013637476,-1.0,5.268718112395913,44.099712,-160.85651024867363,-1.0,0.5257490916099957,1.0,4.4753594,-0.38369593,0.38266572599494675,1.0,-4.4753594,33.65885127112996,0.0,0.66702205,1.1118878,0.11396514,15.506553,-7.568742,0.0,-0.19112798373986142,82.72468,88004,0.4453617714151233,0.2930599171789087,10,0.36074755,0.4349179739229349,0.17060632636058382,-38.369602,-7.8847594,0.6381332681137696,8.94427190999916,-1.0,10.92177315598201,1.0,0.20931,2.4998603,0.0,-0.7272727272727273,0.7624264,10.963358,34.40930106817051
-181.98349,26,-55.890724,35.57133,-0.9445454545454546,-115.08374784821947,-18.19846,-4.357732,270,0.50700253,-101.44132,-1.0,2.1163578,1.1367795,-74.67484014481306,35.667675,17.45440027326998,34.40930106817051,-1.0,-0.12708843,0.27957672,14.298920192999503,-79.116615,6.720274765115981,17.47992901719517,-183.59663,4.834548597868582,1.251895,0.5589073,-5.341819162181053,-79.22633,0.7280084733368131,-182.65146,3971.9297851657448,0.47829184,6.515556e-05,-79.04371,0.0020104903,-0.0,212.4070905180015,13.819457,0.0,27000,-0.018692619347067535,1.1367798,-1.1508374784821949,0.05812151375446234,0.986402392377337,243.88566670999353,0.0002462911,0.16554909986496766,-1.0,7.320040344474025,35.72962,-176.0694792089182,-1.0,0.5507358012144061,1.0,4.5371428,-0.5589073,0.22886532905395524,1.0,-4.5371428,33.11418820670281,0.0,0.99233395,1.251895,0.15244876,28.704594,-4.7586894,0.0,-0.0,77.70409,92004,0.0,0.6780245471011302,10,0.47829184,0.39715752308060914,0.9160315067490381,-55.890724,-4.499733,3.4825935864406015,10.392304845413264,-1.0,17.17965599899253,1.0,0.20277177,2.5092583,-1.0,-1.0,0.7432772,24.983067,34.40930106817051
-240.45079,27,-32.06035,42.38844,-0.6563636363636364,-112.76222954809013,-9.777405,-6.2813377,280,0.34493428,-69.21393,-1.0,3.641092,1.1812553,-88.20621096072539,42.38035,11.851750953660734,20.396078054371138,-1.0,-0.003014747,0.18513405,13.112114781000855,-84.82164,4.925776290055676,11.322513540347709,-239.805,4.63522964324369,1.4894577,0.3206035,-3.300347127487336,-84.73816,0.22410791589673695,-240.3897,4206.991274405811,0.31355986,3.6379788e-08,-84.67457,-0.005570821,-0.0,207.2855421210279,30.921888,0.0,28000,0.08869715510044432,1.1812553,-1.1276222954809014,0.004969966207872952,0.3033598378906549,235.87463631306673,0.00015943224,0.05523543348701786,-1.0,5.760110150580857,42.32294,-209.09066347885147,-1.0,0.48753095303479516,1.0,4.2107124,-0.3206035,0.47492148111360527,1.0,-4.2107124,34.055321707323564,0.0,0.7503824,1.4894581,0.0,15.827766,-5.755297,0.0,-0.18895167112350464,83.571724,96004,0.4453617714151233,0.2061462766270867,10,0.31355986,0.48541196900288514,0.13434023691107638,-32.06035,-6.500701,0.45944386028246387,0.0,-1.0,15.476979411037973,1.0,0.15442048,2.4135344,0.0,-0.7272727272727273,0.7754683,21.111652,34.40930106817051
-289.51648,28,-40.40654,49.104088,-0.8936363636363637,-105.68140990709192,-22.64443,-1.9802618,290,0.34955537,-83.49855,-1.0,6.353107,1.4556077,-66.43159470595675,48.905476,13.460062064231677,16.73320053068151,-1.0,-0.049357176,0.20342593,12.296458970000458,-92.15489,2.748454466478204,13.985010823881817,-297.27548,5.513521788908487,1.9622166,0.40406537,-4.10407359247505,-92.04757,0.3268223534879721,-298.29822,4458.681876495846,0.42913362,3.8095808e-05,-92.06024,-0.00047396225,-0.0,219.920969675999,60.20212,0.0,29000,-0.11096486336721759,1.4556078,-1.0568140990709192,0.02527646408214801,0.4404866485002722,250.21458597103265,4.0099258e-05,0.12940912634045487,-1.0,4.556455907580648,49.0328,-144.985663279891,-1.0,0.48552694154087717,1.0,4.5387597,-0.40406537,0.30830247034874775,1.0,-4.5387597,24.079687460036777,0.0,0.87251365,1.9622166,0.14220467,15.720825,-2.258993,0.0,-0.17183678543639902,91.09068,100004,0.38569460791993504,0.27017558621446724,10,0.42913362,0.446290999331496,0.10942802454274649,-40.40654,-2.530342,0.5303016614590167,8.94427190999916,-1.0,17.997157325033186,1.0,0.19704065,3.0321987,0.0,-0.8181818181818182,0.75135005,26.127,34.40930106817051
-279.59085,29,-37.86518,52.80487,-0.7727272727272727,-145.48870476263966,-13.261826,-2.4870527,300,0.36564597,-62.935886,-1.0,3.9822903,1.3140092,-82.95612956643379,52.923115,13.648035525005543,17.88854381999832,-1.0,-0.03069795,0.17181908,13.776705811000284,-94.183105,3.2339448102061676,13.310365320228476,-275.81516,6.025376188625799,1.8427049,0.37865168,-5.368362883427474,-94.5641,0.28250939753972704,-275.16058,4704.314929688871,0.36586887,8.405186e-06,-94.49908,0.0039958097,-0.0,217.54174233500635,35.770386,0.0,30000,0.036547461625383436,1.3140093,-1.4548870476263964,0.0353616907275357,0.4080444987238848,247.5669838000249,0.00036190858,0.08775502541850876,-1.0,5.189989713272785,53.1615,-325.22199343531656,-1.0,0.7915109261766762,1.0,4.183974,-0.37865168,0.4190702026042222,1.0,-4.183974,67.12923858792641,0.0,0.69049543,1.8427048,0.14552218,15.163039,-2.8464384,0.0,-0.0,93.10786,104004,0.28747978728803447,0.23581886019309525,10,0.36586887,0.4432755013647178,0.11783598741861452,-37.86518,-3.2397497,0.40848691921930835,8.94427190999916,-1.0,16.24853565401827,1.0,0.16314949,2.979403,0.0,-0.9090909090909091,0.8025118,27.37792,34.40930106817051
-226.0313,30,-44.084682,36.677742,-0.8872727272727273,-89.55725458247669,-22.094625,-19.633654,310,0.3872395,-110.02522,-1.0,2.8111653,1.9013352,-61.338185199698735,36.88637,15.411725578223873,23.15167380558045,-1.0,0.023836326,0.22058615,11.834326363999935,-82.46478,4.213246013971564,15.83683361996665,-224.50557,6.875230445796407,1.5859025,0.4408469,-3.0002382133321666,-82.45276,0.43118791241723564,-223.77042,4963.596689791835,0.4199765,0.00013026968,-82.3748,0.0050815656,-0.0,225.78473465897332,17.065071,0.0,31000,-0.05158077086043211,1.9013352,-0.8955725458247666,0.016753117719946902,0.5973034531572179,254.08600335996198,0.00021502399,0.03735034194566767,-1.0,5.749479896069927,37.019493,-135.50301860766578,-1.0,0.3626222390362127,1.0,4.202795,-0.4408469,0.31625912589322036,1.0,-4.202795,20.718230951819887,0.0,0.95656955,1.5859022,0.12449661,23.469124,-20.425451,0.0,-0.11620110091689566,81.10549,108004,0.28747978728803447,0.351143324610813,10,0.4199765,0.3477514335076875,0.25850997542000953,-44.084682,-20.20303,1.0473007560105894,8.94427190999916,-1.0,16.466942336988723,1.0,0.24865954,4.8633413,0.0,-0.9090909090909091,0.77587825,39.716576,34.40930106817051
-277.80127,31,-36.60928,46.156326,-0.8681818181818182,-138.5414862548333,-22.467417,-3.6782289,320,0.33634445,-50.372684,-1.0,8.313655,1.8151911,-56.74340546876192,46.293343,14.569075185025012,23.664319132398465,-1.0,0.002487123,0.14324307,17.057633118000012,-92.46146,4.10279872087305,14.723634708852105,-281.2547,6.159169398474681,2.413638,0.3660928,-4.617977500004174,-92.33198,0.3826872027298493,-277.69403,5240.647574977846,0.3798661,7.327669e-05,-92.35364,-0.0020454181,-0.0,239.3870018150119,77.818375,0.0,32000,-0.041938291416261715,1.8151909,-1.3854148625483331,0.03105518070081284,0.5528173141746224,275.17487233501197,0.00022796687,0.1144353274471553,-1.0,5.24214035540257,46.454643,-232.74744473472828,-1.0,0.6525712517282518,1.0,3.4704835,-0.3660928,0.3382929924789022,1.0,-3.4704835,52.31127689796468,0.0,0.53425753,2.4136384,0.10895978,8.890553,-2.7316313,0.0,-0.0,90.63052,112004,0.28747978728803447,0.3105126234513432,10,0.3798661,0.46684352672813023,0.15092711060274946,-36.60928,-2.795939,0.6739789439370749,8.48528137423857,-1.0,18.730237402000057,1.0,0.20288213,5.463448,0.0,-0.9090909090909091,0.81058955,49.564083,34.40930106817051
-207.16269,32,-28.478777,38.72096,-0.5836363636363636,-125.64936603353942,-8.605225,-0.27630657,330,0.22620769,-73.34894,-1.0,3.5691159,2.125523,-80.49341505020857,39.015667,10.898906226635257,24.657656011875904,-1.0,-0.06807586,0.20639402,18.92071401499925,-84.80014,5.731509984234073,11.73373620397071,-208.37192,4.782771827038109,2.1669002,0.2847877,-4.77084758597044,-85.43872,0.23847441096618818,-207.19295,5540.883015815818,0.33713856,5.908405e-05,-85.29376,0.000776968,-0.0,265.85612536500776,22.57207,0.0,33000,0.05479849780528369,2.125523,-1.2564936603353947,0.0020376317703022315,0.3810863319590488,305.69990151497404,2.9882198e-05,0.05161164220724643,-1.0,6.304931559371151,39.21796,-214.3576642593689,-1.0,0.48019916990671563,1.0,4.0923038,-0.2847877,0.4929553313208875,1.0,-4.0923038,36.67483510862321,0.0,0.7717448,2.1669002,0.0,17.714163,0.47199315,0.0,-0.0,83.67196,116004,0.48104569292083466,0.18869384168100842,10,0.33713853,0.46852617694833365,0.22643135396502886,-28.478777,-0.69115865,0.8687690147819592,0.0,-1.0,20.92306213496704,1.0,0.15840416,3.9904046,0.0,-0.36363636363636365,0.80945486,29.430906,34.40930106817051
-236.32758,33,-44.670135,46.06692,-0.7254545454545455,-108.55846443831524,-11.938703,5.236584,340,0.4821926,-104.382545,-1.0,1.4686631,1.3536657,-57.507060430943966,46.111355,15.546895040135837,34.40930106817051,-1.0,-0.10126615,0.39109772,13.492322188998514,-86.89519,8.703367168259946,15.253575431512612,-237.35577,4.591604337756906,1.0250064,0.44670132,-3.9824523606032174,-86.87491,0.6391634301622398,-238.31468,5818.608369760646,0.44547012,3.1600357e-06,-86.54923,0.0026492034,-0.0,246.95190624596762,8.951953,0.0,34000,0.06874267801053681,1.3536656,-1.0855846443831527,0.004918773665062199,1.0965187985233638,279.1283346078253,1.6822014e-06,0.03224841459984945,-1.0,8.770989381875516,46.13012,-180.40319375603877,-1.0,0.5022599859165654,1.0,3.5445511,-0.44670132,0.44628494029474525,1.0,-3.5445511,32.950892492167284,0.0,1.3835928,1.0250065,0.0,27.678785,5.8371935,0.0,-0.08236676454544067,84.88989,120004,0.385694607919935,0.6143055265917277,10,0.44547012,0.4060537739756327,1.0072680132228722,-44.670135,5.5577874,3.699581598787466,0.0,-1.0,18.684106172859174,1.0,0.25475585,3.4180553,0.0,-0.8181818181818182,0.794607,35.422077,34.40930106817051
-300.3555,34,-32.698452,48.43766,-0.8054545454545454,-102.23554790714282,-7.4664454,8.427349,350,0.30742666,-62.82742,-1.0,3.5757172,1.5352628,-72.27838110085733,48.357265,14.198337565661943,22.090722034374522,-1.0,0.093999855,0.17636964,12.041559809000319,-81.903275,3.936765101250265,13.689134641985266,-297.00922,5.036612069530188,1.6359204,0.32698447,-4.296793318355361,-82.06023,0.30980516127777025,-299.88248,6164.234682779594,0.32460785,2.9206276e-06,-81.75635,-0.0050651436,-0.0,293.5033776129858,30.788986,0.0,35000,-0.026926659317972963,1.5352628,-1.0223554790714282,0.007196247329643977,0.4017451653151005,327.5628868449494,8.011761e-06,0.07261999386670144,-1.0,5.951955525017031,48.47263,-156.1124905502777,-1.0,0.49631156555242906,1.0,3.8994966,-0.32698447,0.395850376608583,1.0,-3.8994966,21.185322022628217,0.0,0.66022265,1.6359202,0.030132702,16.746498,7.696092,0.0,-0.14993969553220254,80.38462,124004,0.28747978728803447,0.2603667942169255,10,0.32460785,0.34174839861933737,0.16178702334488285,-32.698452,7.843745,0.5599851099493675,8.94427190999916,-1.0,22.017949422963284,1.0,0.1490982,3.6111112,0.0,-0.9090909090909091,0.8072929,25.087967,34.40930106817051
-241.3156,35,-35.61965,44.190475,-0.8218181818181818,-125.99864734360695,-10.727643,9.843812,360,0.32263792,-74.47122,-1.0,1.922113,1.5019026,-72.96467848987575,44.36976,13.829374032704704,24.08318915758459,-1.0,-0.025390944,0.19113961,30.148443337999197,-91.9465,4.308897269805191,14.249408866321025,-240.37907,5.775193746540114,1.2900026,0.35619646,-4.215032680653505,-91.54187,0.32931270872531754,-242.20044,6634.966496427622,0.42037126,0.0006231703,-91.7365,0.0016766168,-0.0,420.80042268102625,12.328739,0.0,36000,-0.0539135406158459,1.5019026,-1.25998647343607,0.0022130594601609834,0.48735603398122807,487.03024179602653,8.944422e-06,0.04596518549379698,-1.0,5.600144613104605,44.393723,-190.0720364940942,-1.0,0.5490908940900856,1.0,5.0703244,-0.35619646,0.38266572599494675,1.0,-5.0703244,44.40181497427354,0.0,0.7144051,1.2900025,0.10242761,16.576778,9.510667,0.0,-0.3542713888135256,90.245705,128004,0.4453617714151233,0.27635392089260186,10,0.42037126,0.40332907939334633,0.19209621093099646,-35.61965,9.431745,0.7536295986387588,8.94427190999916,-1.0,36.081375777001085,1.0,0.16983168,2.9142406,0.0,-0.7272727272727273,0.75645536,23.92284,34.40930106817051
-193.87729,36,-22.18584,38.138737,-0.5072727272727273,-127.83312814748255,-11.478194,11.290248,370,0.17056242,-46.869087,-1.0,5.042507,1.9830408,-69.76986908912659,38.187534,8.539069920705636,16.492422502470642,-1.0,0.071785465,0.14946508,13.832428945002903,-81.45548,4.6507783686985995,9.73032443336843,-191.57922,4.467498978500227,2.1466687,0.22185835,-4.4185597112986335,-81.45952,0.18040655487002596,-194.04279,6951.509717869574,0.2672959,2.7193004e-05,-81.26447,0.0037438874,-0.0,280.17297616499854,34.470818,0.0,37000,-0.012398432002019523,1.983041,-1.2783312814748256,0.002520226901136877,0.3430953017934819,316.6777965789588,9.596441e-05,0.0206210862028203,-1.0,5.89181752043634,38.231354,-255.8517901933279,-1.0,0.6402659767192012,1.0,2.4764578,-0.22185835,0.49994710464009745,1.0,-2.4764578,52.93611926990645,0.0,0.56819105,2.1466687,0.0,9.729078,10.947148,0.0,-0.12317410111427307,80.10537,132004,0.4810456929208346,0.12521498106075135,10,0.2672959,0.3925037283796766,0.0979234488444762,-22.18584,11.15506,0.38754171675058463,0.0,-1.0,22.672391468957358,1.0,0.15488185,5.7239394,0.0,-0.36363636363636365,0.76598686,53.805233,34.40930106817051
-251.32004,37,-32.97398,43.291172,-0.7972727272727272,-99.49697195294601,-12.745786,12.441645,380,0.28703368,-50.677486,-1.0,2.9857123,1.6074637,-61.91676391661167,42.89673,13.648101952856821,29.79932885150268,-1.0,-0.018080613,0.13890398,13.68350733799889,-88.315056,7.000145738279525,14.549534927206087,-252.24648,7.384706460113104,2.1440053,0.3297398,-4.082460443346239,-87.80196,0.35926905649962904,-254.64137,7241.64617366735,0.34112227,0.0003880544,-87.99905,0.002826636,-0.0,261.7923663259098,14.187862,0.0,38000,0.015905223181261068,1.6074638,-0.99496971952946,0.010050603462335949,0.5112951482354822,294.9444183417763,4.2154046e-05,0.044041894547017575,-1.0,6.503575012826768,43.240227,-143.16913323806295,-1.0,0.4504978917034005,1.0,4.077222,-0.3297398,0.402031000819383,1.0,-4.077222,23.196906071367252,0.0,0.50140274,2.1440053,0.0,11.240363,13.7978325,0.0,-0.06900637418893234,86.93605,136004,0.4453617714151233,0.3214465877580224,10,0.34112227,0.38311944480535765,0.3150058619020818,-32.97398,13.670773,1.2107771044173277,0.0,-1.0,19.468544677867612,1.0,0.15891743,3.5795536,0.0,-0.7272727272727273,0.7737658,33.09866,34.40930106817051
-279.53583,38,-29.15567,49.230934,-0.7727272727272727,-118.13536067130528,-8.684308,14.685785,390,0.27001464,-47.880417,-1.0,3.7310297,1.7147394,-51.38832849263352,49.306885,13.157801930561236,17.88854381999832,-1.0,-0.10139356,0.12371754,8.873617871999159,-88.729515,2.8219067041679686,13.130477527247661,-276.76672,7.097869086400402,1.8066688,0.29155672,-4.842184037868566,-88.925125,0.29046098630715117,-276.56308,7538.023710463289,0.3766979,1.795037e-05,-88.62629,0.012958217,-0.0,264.66586840491436,26.36006,0.0,39000,-0.004213965627816469,1.7147393,-1.181353606713053,0.007979779342475677,0.5262391374982596,292.8751774249358,3.084913e-05,0.07490300424204821,-1.0,5.1583661875274,49.065094,-201.76808135933734,-1.0,0.6493033591806224,1.0,4.3413825,-0.29155675,0.4190702026042222,1.0,-4.3413825,44.735772445820935,0.0,0.47772565,1.8066686,0.09048028,11.155962,13.664368,0.0,-0.0,87.305435,140004,0.385694607919935,0.22392221450067035,10,0.3766979,0.3574832570038842,0.1143515896247923,-29.15567,13.458717,0.40730612466312566,8.94427190999916,-1.0,19.335691148022306,1.0,0.1709434,4.4366426,0.0,-0.8181818181818182,0.7810714,44.31003,34.40930106817051
-277.88046,39,-35.988804,48.393806,-0.7981818181818182,-100.7719261460611,-6.1462817,20.996933,400,0.33832636,-78.68729,-1.0,4.80075,1.3006679,-48.79672144615348,48.666206,13.490484333618157,21.908902300206645,-1.0,0.04112054,0.18424757,12.39188439999998,-90.6012,3.3854656842077797,13.560407303188091,-274.9902,5.624651379040916,1.980249,0.35988808,-2.767109232365469,-89.9677,0.2923277394341864,-274.8693,7850.1293303632465,0.33860174,3.7252903e-05,-90.338715,-0.0021867964,-0.0,275.35608470000443,47.08243,0.0,40000,0.0653925840951694,1.3006678,-1.007719261460611,0.005772090797108273,0.3890201675454037,308.97167609995813,0.00020354637,0.07617713502706759,-1.0,5.418393685888785,48.287956,-165.50807918073704,-1.0,0.47204303986359136,1.0,3.6578453,-0.35988808,0.4013572016368775,1.0,-3.6578453,34.57706517864265,0.0,0.6786649,1.9802489,0.022343937,20.174835,20.953596,0.0,-0.0,88.42112,144004,0.385694607919935,0.24437174988838176,10,0.33860174,0.35361186508519177,0.13501821899682254,-35.988804,21.362932,0.5934794611839942,8.94427190999916,-1.0,21.22370699995372,1.0,0.1629101,2.0299222,0.0,-0.8181818181818182,0.81253266,12.424264,34.40930106817051
-297.83035,40,-34.690758,50.720894,-0.6581818181818182,-115.72490391623008,-12.01159,24.296078,410,0.30461112,-59.570324,-1.0,2.5917015,1.5123695,-60.4594304561615,51.014603,12.41196290917203,18.547236990991408,-1.0,0.11376624,0.2588991,15.508771599998,-95.062805,5.268904872885791,12.973222697828989,-296.06964,5.448356491269425,1.3049518,0.34690756,-3.427615540817752,-95.0529,0.3003650656082393,-294.85135,8186.923884363254,0.42092553,0.00023510627,-94.6923,-0.0016427629,-0.0,295.0922461999944,15.250445,0.0,41000,-0.04878928468627422,1.5123698,-1.1572490391623007,0.025991307594728355,0.45152376891615176,334.35760840000876,2.3283064e-10,0.05548251786966194,-1.0,5.831033131271788,51.01688,-173.35894239658086,-1.0,0.4570915459112157,1.0,4.4772286,-0.34690756,0.47431899856182674,1.0,-4.4772286,33.69241612235398,0.0,0.8850021,1.3049519,0.0,16.268267,23.863527,0.0,-0.1107436254745502,93.72748,148004,0.48104569292083466,0.26311316596424444,10,0.42092553,0.4455864047229151,0.20949755335336132,-34.690758,23.848194,0.8037977874782573,0.0,-1.0,23.756590600016352,1.0,0.23830941,3.2805657,0.0,-0.6363636363636364,0.77968985,22.754215,34.40930106817051
-289.01425,41,-32.40295,48.8339,-0.7145454545454546,-117.18969645092356,-11.773122,25.193851,420,0.29134047,-71.342735,-1.0,3.6316617,1.2448002,-68.13069739937782,48.98205,14.446237780465971,29.664793948382652,-1.0,-0.09828758,0.16500501,17.957847199999378,-88.195435,5.88038614913722,13.84418965605671,-287.58667,4.821940696646317,1.4086505,0.32402948,-3.9192508305408147,-88.53551,0.3390331566374544,-286.7828,8580.360611863207,0.36579725,3.6089332e-06,-88.05022,-0.009190811,-0.0,356.5173630999452,29.22391,0.0,42000,-0.032549711307180956,1.2448002,-1.1718969645092359,0.0014929038382582292,0.4823759934902729,401.32014759994854,0.00013465999,0.023435931595689973,-1.0,7.456068549958338,48.968388,-211.60294107890542,-1.0,0.5564259650499104,1.0,3.733583,-0.32402948,0.45163065433369803,1.0,-3.733583,43.79160494882982,0.0,0.6724464,1.4086504,0.114873745,17.420404,25.404821,0.0,-0.0,87.155815,152004,0.38569460791993504,0.2887965841534859,10,0.36579725,0.43110132737049045,0.2953375364798261,-32.40295,25.016777,1.085147822029748,8.94427190999916,-1.0,26.84493730000395,1.0,0.16010197,2.130613,0.0,-0.8181818181818182,0.7869091,14.554768,34.40930106817051
-297.16055,42,-41.16852,53.071743,-0.8218181818181818,-144.03476934443356,-16.611826,17.137293,430,0.3347186,-63.25276,-1.0,3.3309512,1.472605,-55.18908302485943,53.31991,13.143262227842353,18.0,-1.0,0.011139186,0.19141139,10.07301599999846,-93.20318,3.0421469409238706,14.293152165866953,-293.1403,8.525521408755987,1.5116293,0.41168517,-4.546274161414665,-93.24982,0.4085071069350155,-291.75745,8874.500813863224,0.4389165,1.5739352e-07,-93.42363,0.008853446,-0.0,265.76509000001533,16.744925,0.0,43000,-0.03203689260993864,1.4726049,-1.4403476934443356,0.013581576635448723,0.6678021107779011,295.23804740002015,1.5799946e-05,0.09555583612369221,-1.0,5.135118063590083,53.12008,-227.75326589575045,-1.0,0.6710255816803172,1.0,4.155374,-0.41168517,0.38266572599494675,1.0,-4.155374,53.25431566911597,0.0,0.79555815,1.5116295,0.14071895,13.584715,17.398663,0.0,-0.0,91.38429,156004,0.385694607919935,0.2700502853580686,10,0.4389165,0.5174741253241618,0.11588646432317104,-41.16852,16.355497,0.44880030453102293,8.94427190999916,-1.0,19.399941400006355,1.0,0.27615184,2.671132,0.0,-0.8181818181818182,0.7735899,17.96458,34.40930106817051
-293.31857,43,-38.22192,48.444866,-0.7945454545454546,-121.62736357593315,-18.255022,29.319979,440,0.2991854,-72.20546,-1.0,3.1897504,1.5609115,-45.3908614218235,48.41092,12.968313525173198,23.15167380558045,-1.0,-0.0492422,0.2042458,8.948510099999112,-92.79328,5.862448196638033,14.489669266435062,-295.16663,5.942903697565634,1.5329683,0.38221928,-4.267583757406218,-92.84922,0.3703203324645566,-295.2433,9172.208205463283,0.38922817,1.8911669e-07,-92.7996,0.0103594335,-0.0,266.7145707000418,21.00452,0.0,44000,0.007884725798455465,1.5609117,-1.2162736357593316,0.031914509478944336,0.5482332654677936,295.1858279000553,1.5739352e-07,0.03235093395676391,-1.0,5.686541767770632,48.397068,-159.39648553215395,-1.0,0.500821606029317,1.0,4.499615,-0.38221928,0.4040333837773948,1.0,-4.499615,35.99036803321813,0.0,0.7279521,1.532968,0.0,16.605139,28.36667,0.0,-0.09585609287023544,91.40795,160004,0.385694607919935,0.28362146002903793,10,0.38922817,0.3298961640404192,0.2023222597041509,-38.22192,28.785557,0.6947782927988194,0.0,-1.0,19.522747100014385,1.0,0.19138265,3.2297971,0.0,-0.8181818181818182,0.7747533,25.35057,34.40930106817051
-325.7421,44,-57.55977,47.877724,-0.8954545454545455,-116.4765731626625,-14.583972,30.689686,450,0.49991834,-139.45393,-1.0,4.1961346,1.247408,-56.76251144578218,47.558983,16.041495597241116,34.40930106817051,-1.0,-0.014110473,0.33054936,11.526926400001685,-88.771515,7.0154025935186635,17.074181332681334,-328.59262,6.978033995190348,1.8376004,0.5755977,-5.415103578765665,-88.67881,0.7177260732374137,-328.85913,9481.454217563363,0.49227107,1.3096724e-08,-88.97219,-0.0022216337,-0.0,273.41452629995183,35.568806,0.0,45000,-0.0420038192338508,1.2474082,-1.164765731626625,0.0041467414894417335,1.1023638552472133,305.3039527000765,1.1526572e-07,0.06477763888237557,-1.0,7.428419934804918,47.60865,-180.4634396871722,-1.0,0.5347887523205238,1.0,3.9172254,-0.5755977,0.30596683231902577,1.0,-3.9172254,35.51522107147771,0.0,1.1627126,1.8376002,0.037833866,34.970806,30.505833,0.0,-0.0,87.39418,164004,0.28747978728803447,0.6815901774786366,10,0.49227107,0.3764740017670178,1.1416596055690942,-57.55977,30.396852,4.241517762375827,8.0,-1.0,20.362500000122964,1.0,0.28832346,2.6583788,0.0,-0.9090909090909091,0.79268646,20.027454,34.40930106817051
-241.98682,45,-44.629288,41.454414,-0.8436363636363636,-148.76706354760893,-15.767809,26.695477,460,0.42202318,-103.37558,-1.0,3.5449579,0.99184185,-52.03989578783512,41.40879,13.996176193489333,21.72556098240043,-1.0,0.06103361,0.24851114,15.481793499999185,-84.172424,5.470396126331641,14.390258908415099,-247.55574,7.432435744937419,1.3888456,0.44629294,-4.349378291866735,-84.569046,0.38648552104341766,-246.604,9768.038382363398,0.43687144,0.00020704442,-84.76344,0.015632454,-0.0,258.4455451000176,31.012915,0.0,46000,0.03222428594386537,0.9918419,-1.4876706354760894,0.00292344759935529,0.516936086699337,293.0706555000397,7.968629e-06,0.015104533299629052,-1.0,5.744601687565455,41.524345,-280.5807095951075,-1.0,0.7360394074094168,1.0,4.2617154,-0.44629294,0.3631997378671643,1.0,-4.2617154,64.86902106282895,0.0,0.88421625,1.3888454,0.0,26.974388,26.144224,0.0,-0.09700717031955719,83.28399,168004,0.28747978728803447,0.3278056281326444,10,0.43687144,0.4219458139516701,0.19315972747926355,-44.629288,26.177282,0.7025143624751695,0.0,-1.0,19.14331690002291,1.0,0.21088687,1.6522794,0.0,-0.9090909090909091,0.75078964,9.493274,34.40930106817051
-233.26315,46,-37.713764,39.74509,-0.7536363636363637,-115.95412213376817,-19.319916,-11.168131,470,0.26968685,-70.84213,-1.0,3.6992018,1.0770332,-83.21492960021622,39.7663,12.403754936616185,17.776388834631177,-1.0,-0.06858879,0.12311461,8.966993699999875,-89.19513,3.0393704221892244,13.561560433870582,-233.48901,7.098866491770302,1.5959566,0.3771377,-4.502120355460665,-89.20357,0.36728045827410366,-231.87796,10091.029024163437,0.45414937,6.8281224e-06,-89.28398,0.0002806801,-0.0,287.9190434000193,34.03929,0.0,47000,-0.015322560170049437,1.0770333,-1.1595412213376817,0.02209030600226952,0.5528581828255577,317.4021712000358,0.00063292135,0.08013454354078277,-1.0,4.9112566859042905,39.664684,-206.54812591273367,-1.0,0.5102442108526741,1.0,5.0504537,-0.37713772,0.43089278833756584,1.0,-5.0504537,37.17852759826215,0.0,0.49430236,1.5959568,0.12266655,14.724269,-12.09236,0.0,-0.15510128438472748,87.89462,172004,0.4453617714151233,0.27593892461709785,10,0.45414937,0.4301585626031289,0.18843224357385663,-37.713764,-10.889856,0.647546788645405,8.48528137423857,-1.0,20.516134100016643,1.0,0.18865658,1.7906548,0.0,-0.7272727272727273,0.76904094,10.341795,34.40930106817051
-235.72316,47,-34.293243,47.782967,-0.5745454545454546,-118.13917598149115,-11.541206,36.979305,480,0.27811033,-87.513885,-1.0,2.115503,1.3026713,-79.10648962855339,47.9887,10.64990151494891,31.68595903550972,-1.0,-0.005192438,0.27089247,14.562987600002089,-84.969345,9.631272808082382,12.617979413664413,-234.3361,5.839098236172846,1.4864209,0.34293246,-3.515679597788238,-85.13617,0.6244607493324538,-232.6447,10439.19357206342,0.3828907,0.00016506854,-84.7148,0.0021199659,-0.0,310.61708160001945,9.883279,0.0,48000,-0.08122587984998278,1.3026712,-1.181391759814912,0.0017148516695347819,1.2989534190155618,348.7746508999844,0.00046436908,0.017701722079623575,-1.0,8.73224198369443,47.91583,-182.52145635679503,-1.0,0.4888392574139759,1.0,3.6255324,-0.34293246,0.49441174663089427,1.0,-3.6255324,28.924848825914943,0.0,0.8896549,1.486421,0.0,21.515137,37.684097,0.0,-0.13524825870990753,83.61438,176004,0.4810456929208346,0.5633491575127099,10,0.3828907,0.4001254154355135,1.2670316061582512,-34.293243,37.021164,4.546251529204874,0.0,-1.0,23.594581699962873,1.0,0.17861465,2.0232487,0.0,-0.6363636363636364,0.8039612,10.495386,34.40930106817051
-287.86798,48,-36.684338,50.638435,-0.76,-122.3655109983766,-14.935974,28.482187,490,0.33489063,-74.2399,-1.0,2.5928068,1.9918044,-70.66116829661307,50.711628,12.578324738580244,15.620499351813308,-1.0,-0.11243023,0.1613507,13.918386099998315,-91.85445,2.405357929876603,12.715607461558228,-285.83426,4.574030570550857,1.4665653,0.3668435,-3.8713942213614696,-91.67621,0.24787246815446018,-283.95193,10767.278693463426,0.38207746,2.5201822e-05,-92.090004,-0.007978503,-0.0,293.5679874000707,13.001,0.0,49000,-0.011028677844057885,1.9918046,-1.223655109983766,0.0052712894108853615,0.38747092860411964,329.69571330000326,0.00013271929,0.07935957541182519,-1.0,4.828764153197079,50.58509,-220.92109090674813,-1.0,0.6038457651405157,1.0,4.9240522,-0.3668435,0.4270831300812524,1.0,-4.924052,45.62796022957258,0.0,0.63772565,1.4665655,0.12587902,16.40146,29.018934,0.0,-0.0,89.97881,180004,0.385694607919935,0.18588157457569168,10,0.38207746,0.35294929741654407,0.07265872885282851,-36.684338,29.934965,0.2841108117640035,8.94427190999916,-1.0,22.20933979993424,1.0,0.21479252,4.206553,0.0,-0.8181818181818182,0.80468607,40.466106,34.40930106817051
-282.46167,49,-26.152306,48.49986,-0.7072727272727273,-106.66750982519832,-17.933802,29.721567,500,0.17994748,-35.702858,-1.0,2.9297416,1.520139,-71.74873094018731,48.312656,10.909293480250984,16.492422502470642,-1.0,0.004769698,0.108583815,12.316903299997648,-88.85405,4.460538831895117,11.926849599844386,-283.99933,5.803104762158635,1.5832956,0.2615231,-3.9519444634592173,-89.4957,0.22844003873929047,-280.7851,11079.116822663402,0.3584799,1.1902885e-06,-88.87783,-0.005835957,-0.0,277.0109010000051,21.221167,0.0,50000,0.006408003484581995,1.520139,-1.066675098251983,0.007526068024970471,0.37490317992289157,309.34454889997505,0.0001626271,0.07382384689967476,-1.0,4.9242705491142145,48.645073,-143.65610809921162,-1.0,0.4687923697700709,1.0,4.399823,-0.2615231,0.45501430365311113,1.0,-4.399823,24.230264344181947,0.0,0.41262084,1.5832956,0.0,6.3782043,29.21101,0.0,-0.0,87.49864,184004,0.49792959773196915,0.1837594151855278,10,0.3584799,0.3115404602422169,0.10595804035387553,-26.152306,29.767887,0.3766307699229541,0.0,-1.0,20.0167445999723,1.0,0.17069583,3.016804,0.0,-0.5454545454545454,0.7884843,24.753418,34.40930106817051
-287.73288,50,-30.84328,52.62974,-0.6281818181818182,-129.03256642284094,-11.358386,28.860943,510,0.21407169,-51.251022,-1.0,2.4029224,0.98311275,-59.25686564449853,52.434414,10.051581244425865,16.73320053068151,-1.0,-0.070724465,0.12714964,14.819089000000531,-93.08771,3.9152714912688427,11.63745984483885,-286.7112,6.17873556474706,1.2708092,0.30843282,-4.856429722420992,-92.98076,0.2652401299219465,-286.60284,11476.038365463302,0.39434814,0.001127925,-93.04329,-0.0009687362,-0.0,350.901761599951,21.945057,0.0,51000,-0.14052510733339585,0.98311293,-1.2903256642284098,0.003105533751561196,0.5129655883693037,390.7471396999026,2.3986795e-06,0.007399834661452873,-1.0,5.849202058691399,52.67288,-209.76969845123284,-1.0,0.6032894770483117,1.0,4.1853304,-0.30843282,0.48329020421233787,1.0,-4.1853304,40.91665322291793,0.0,0.4583534,1.2708094,0.0,12.243003,29.119705,0.0,-0.13739919862349056,91.71407,188004,0.49792959773196915,0.15447973274860108,10,0.39434814,0.48270086774933557,0.08431333378089555,-30.84328,28.586517,0.3522443558553444,0.0,-1.0,25.0262890999511,1.0,0.19116667,1.9794072,0.0,-0.5454545454545454,0.75307184,14.551915,34.40930106817051
